{"cameraMode":{"drawMode":0,"name":"Shaded","section":"Shading Mode"},"sceneLighting":false,"audioPlay":false,"sceneViewState":{"m_AlwaysRefresh":false,"showFog":true,"showSkybox":false,"showFlares":true,"showImageEffects":true,"showParticleSystems":true,"showVisualEffectGraphs":true,"m_FxEnabled":true},"in2DMode":false,"pivot":{"x":-0.0000013820827007293702,"y":0.09003978222608566,"z":0.23281937837600709},"rotation":{"x":-0.19666920602321626,"y":0.7106311321258545,"z":-0.21062132716178895,"w":-0.6433237791061401},"size":0.3234570622444153,"orthographic":false}